Slc16a6,Sesn1,Hbegf,Cyp3a13,Mppe1,2010001E11Rik,Cdkl3,Epas1,Reep6,Suox,Rab4a,Chka,Dnase1,Spg20,Sacm1l,Fblim1,Ttc36,Pepd,Gm11437,Znfx1,Hexdc,Sc5d,Serpinb1a,Myo7a,Tbc1d24,Nbeal1,Dnm1,Stk10,Col20a1,Map3k6,Tsc22d3,Plb1,Gstt1,Ugcg,Skap1,Parp3,Cyp4v3,Dgka,Tac2,Txndc17,Ereg,1810055G02Rik,Npc1l1,Dgkq,Car13,Ahcyl2,Pck1,Pdzd9,Ugt2a3,Scamp5,Cd55,Smurf2,Cables1,Enpp7,Evi2a,Sgpl1,Mfsd2a,Leap2,Cox7a1,Rnf13,Ccdc32,Sat1,Cyp2d22,Gm15800,Sod3,Irak2,Ablim1,Mccc1,Cnpy1,Rnf208,Fam132a,Ctns,Slc9a2,Fbln1,Cideb,Ccdc68,Amn,Sphk1,Tbk1,Aldoa,Pdlim2,Cyp2b10,Kif21b,Snta1,Slc7a8,Slc5a11,Pgrmc2,Gal3st2,Chdh,Aldh1a1,Slc35e3,Adm,Dgcr6,Ctdsp1,Sec22c,Aldoc,Rab11fip3,Ms4a18,Mttp,Ethe1,Agpat9,C1qc,Crem,Slc2a2,Micu1,Xkr9,Lingo4,Ttll2,Lap3,Faah,Slc4a2,Arhgap10,Celf5,Trpv4,Slc40a1,Cyp2j6,Ces1f,C130074G19Rik,Edn2,Gstk1,Ubd,Abcg2,Rdh16,Ube2q1,Tppp,Rcan1,Flnb,Rnasel,Slitrk6,Flad1,Rragd,Ifnar2,Rnf180,Luzp1,Dok4,Rilp,Tob1,Riok3,Rec8,Fam151a,Ly75,4833418N02Rik,Gstm1,Adh6a,Tiam2,Apol11b,Neu1,Ppp1r32,Tm4sf5,Fmo4,Cyp4b1,Mogat2,Crym,Gm15417,Rhod,Paqr7,Hpgd,Arg2,Slc16a10,Src,Slc5a4a,Tcn2,Gpr155,Ano6,Pnpo,Mrps36,Snap29,Kbtbd11,Acsm5,Gdpd1,Igsf3,Adh1,Gna13,Sulf2,Arl4a,9030617O03Rik,Cflar,Coro7,Trpv3,Bco2,Adh4,Klc4,Mfsd2b,Creb3l2,Man2b2,Xpnpep1,Nudt7,Cyp4f13,Tmem120a,Xpnpep2,Ms4a10,Pxk,Rmnd5a,Ehd1,Gal3st1,St3gal4,Gltpd2,H2-M2,Rbp2,Max,AI427809,Lactb,Gml,Lamp1,Nmi,Dpep1,Unc93a,Dpp4,Gipc2,Mbl2,Bmp8b,Dgat1,Mgst2,Rhoc,Scarf1,Wipf3,Hsd17b6,Slc9a6,Mal,Man1a,Bhmt,Trip4,Slc23a1,Reg3d,Mep1a,Sgk2
0.23203969930585,0.446085091659057,0.11612670069023,0.213315759650647,0.0387085666144488,-1.36457043111085e-06,0.0709289091640694,0.0580631831779247,1.75598458299811,1.63057202437624,1.37379326977365,1.405919776254,0.151558403675021,0.221307083836869,0.501633894091291,0.723461551884292,0.232255938792843,1.10675596186631,0.0193533764094402,0.154836421459442,0.24957795213283,0.521025730494566,4.55100582462204,0.0766683370815497,0.0938710544476057,0.298270105868034,0.29538425465535,0.0,0.0064456855351647,0.0580633640632007,0.367732554314012,0.212900986036715,2.45185151029949,0.238403250854578,0.0,0.0084692303676219,0.270963841321388,0.304591366832199,0.0,3.86520751353443,0.0,0.0553422804902899,0.545686845406276,0.265834332029828,0.207174985312575,1.38415847841101,0.0774172520703161,0.0051674011771378,0.0966818401505236,0.800401804777506,0.188076419646893,0.346964092472614,0.173597883083432,0.0387090732927474,0.0,0.724809527927627,0.0975086015989056,0.379850004677828,0.920187267475754,0.589838288978239,0.426988043155846,0.982990156562876,0.0100485199893651,0.488710125512675,0.0,0.288060046461732,0.304852268813195,0.421789755937818,0.019354006635348,0.0387085880533125,0.728788735208383,0.147631200061612,0.556996632930021,0.440799711888181,0.778587653252544,0.551476803892005,1.68794257388969,0.0774175687291164,0.413168898157933,4.7915509079464,0.0774170455413407,0.0774156552924372,0.154086770154592,0.0203370610464838,0.599368656264853,0.0743392669801956,0.871670795729494,0.268532497362393,0.212899334130049,0.251609552067485,0.0105677519616605,0.0,2.43880658722867,0.933434144626571,0.0774176487201539,0.251611302383439,0.186593125934456,0.0891851939723484,0.6763055034966,0.707001851332225,0.0193521765707222,0.0,0.174191814765985,0.0580623941923506,0.773249214272673,0.0560781044126056,0.0088445300791375,0.0,2.42339113512464,1.23393846420531,0.687320301316123,0.0387083782179586,0.130074912491209,0.0,0.0967727279255767,0.911737960568785,0.154834696543299,0.096771781400028,0.129979973486244,0.329029443542216,0.0033933343786768,0.5923246216459,0.116128101348557,0.837201257259814,0.0193535642860031,0.0567178764440035,0.670537017709264,0.559416513031863,0.0,0.627579377553533,0.281690456775874,0.4206139070116,0.0,1.4758856962931,0.323329607154175,0.0751698954016537,1.26954919647692,1.17316753976747,0.0967724431394409,0.154836173642941,0.0877814843432008,0.15297888000958,1.24134981161186,1.1309337100533,0.0239418478406884,0.0,0.695008406126381,0.0,3.71263614726712,0.13548180431292,1.56556927756951,0.324388870452952,0.0327223393148864,0.405696943679267,0.0774177583016938,0.0193534170240664,0.480582426004624,0.871852422241904,0.537615258303666,0.597734025524197,0.0580635453240056,1.09432912863744,0.0364326498690882,0.436934005734397,0.723822662088882,0.0811752621679278,0.468753659499336,0.150242869106652,-7.63755556265606e-07,2.00854624293308,0.0387073687471344,2.27404774420677,1.01962968551291,0.321178439008204,1.54189788255039,0.203849213188614,0.541245258907938,0.0954756203549864,0.0,0.153155972496736,0.0464708360515109,0.948431283078813,0.0066136117860598,0.154836960327271,0.506078520031321,1.35015732293151,0.663510869703992,0.360979559510969,1.01114631924505,0.519097950690481,1.46725459849876,0.445158274275113,0.875437871661941,0.82910641198375,0.424550470144521,0.866484000289282,0.0,0.0,2.75076950193454,1.41529097530414,0.200953940900036,0.451893682728911,0.0,3.96623142274915,1.12910304370503,0.285022967414435,0.0140205922940426,1.16369972132945,2.33982114879373,0.0088620449342581,0.0,1.69634423402384,1.75654298835918,2.19537892389974,0.0041881379499298,0.0580630320819857,0.0387072367266114,0.0774179199157974,0.0,0.530569504534854,0.0,0.398567197187458,0.0193537186504862,0.0,0.299039088750966,0.0
0.133049098733253,1.41697885685669,0.316841602265787,1.91174556489928,0.0677830008912772,0.302531360427776,0.101357113109403,0.0944069199609667,1.55733913989902,1.68774815578262,2.25867081134288,1.23119622531751,0.063125380176865,0.0966126836812367,1.13129250700864,1.66422988243646,0.741256601306812,3.01193310397949,0.308221870031028,0.297367942999826,0.521917800402236,1.4818534794931,5.82306839924196,0.749428765198591,0.408366249000434,0.766055576878274,0.451890550867128,0.0077306451114669,0.0,0.311734524026413,0.870348206269107,0.0812793857716408,0.750014635528929,0.399472107840871,0.0086667977161341,0.149668194489269,0.81129853853125,0.998005648219296,0.002616532368775,5.50104731073327,0.0213885647091432,0.14654825195877,2.0084872854317,0.366080130708292,1.17356652497938,2.7687500992455,0.0636301209685312,0.0007839435349544,1.19187972308307,0.61688922350836,0.259733322831576,0.379474896070806,0.170518531057191,0.047064412798083,0.0078647463250185,1.26771926926102,0.0596204810912449,0.340295592479929,3.65821041312233,0.927775201227882,1.09844910159496,4.4670092714785,0.0306921536625768,0.448615268532373,0.0058111179293787,0.366172129558332,0.30691880256089,0.437594589345533,0.0199926108029702,0.0985810407465979,3.6668772762026,0.204838982745702,0.87430392771423,0.517657750534935,3.36482817317295,0.639127527776854,3.38223716785946,0.332543791240466,0.449975222388536,5.65530943927474,0.426097349648552,0.0360338492247429,0.347971306287008,0.0409080964842464,1.30887241697431,0.353696797116553,0.565621542289415,0.296479652700757,1.19458194846086,0.592949164802823,0.0022818834353223,0.0,2.9444045219834,0.970914637832016,0.056567082082967,0.31532761652952,0.150574025939409,3.18294110582315,3.12024920338992,3.1584046693999,0.623250092597333,0.0021410248512392,0.185260753862837,0.0549484006346719,1.58573312580582,0.574445070863227,0.0068703026213838,0.002715929605889,3.30748952222638,2.14865477512455,1.16776214894043,0.14428146160885,0.394397846107707,0.0,0.781586305660778,2.02861944612864,1.62782348105753,0.435379492236926,1.92141161958109,0.945933721657081,0.0038211595329188,2.75615053675881,0.0106092739518359,0.76066475750647,0.281015353390474,0.171851383113507,1.66885175194146,1.89225782284045,0.0298631802216804,1.18801620513797,0.824074907266695,0.218440248889098,0.0,1.73244699178118,1.56524727245964,0.313617650090439,2.18256154665897,1.33794256397391,0.0820173920618458,0.52156315300045,0.147382246328474,0.37547409894731,0.887950439325359,1.40884511520383,0.0670513141990274,0.00626704743123,1.13196059768673,0.0,5.33168995229561,0.539013862377626,0.272088823900752,2.97696604261188,0.0657151277638168,0.821796212285202,0.43818646400144,0.219671144636691,1.77104117986665,3.63775148492086,0.734283440507327,0.796773452688204,0.0904135012656987,2.88928260251362,0.134845047382951,2.02594625675516,1.18838880843423,0.240151226688059,0.619303175062276,1.56976745540645,0.0234365671429162,4.11297866713705,0.425777249082098,0.609377151246251,1.75584604995751,0.301908246957886,2.54547139259281,0.454954771912353,1.16838633841779,0.503461697033313,0.006439664470173,0.508839220957416,0.0089751574493679,2.07944925199588,0.0,0.167666332459493,0.380893817055141,3.47841054226762,0.855603047814035,0.824973810845794,3.62408003458883,0.858656919459831,3.20546765906444,0.719781077174909,0.835443351191057,1.37189160927202,1.05663880125887,5.65145222296971,0.0115786762364683,0.0,2.43131821858888,1.69898988895881,0.289811240174877,0.798806427236494,0.0,4.75771893854218,2.11532085228596,2.73849770143619,0.0027613991296708,1.43819880684865,4.45434141639782,0.0161795790925355,0.0,5.13701658880564,5.21800510050681,0.57355981972359,0.0039512542816751,0.111034013360533,0.359654333959129,0.12632908168552,0.0042382443514918,0.63591604901217,0.0,0.271491914382757,0.0117173616722864,0.0128868622573202,2.12925537427969,0.0024688913578897
0.411979595454444,1.03449465198284,0.233100572860114,2.53609147164157,0.181069886279463,0.448136919846577,0.121210222391208,0.168873263945636,2.67559104841796,0.131269089423261,2.35559131577148,1.54352829438958,0.233817908635585,0.321423885378395,0.888885837059099,1.58822639130204,0.526738725668835,2.52558474160023,0.347679503721799,0.543482438386834,0.493079864542175,1.28260929962805,5.6492297454789,0.874089831912864,0.604882837355211,0.815614171014388,0.836479717774976,0.0,0.0038621610308904,0.0787493098982232,1.04483648571962,0.0842479464451476,1.4020054217427,0.35546883988156,0.0040314360547549,0.234680836506398,1.62123822081898,0.742279279535359,0.0,5.64771815489792,0.0,0.159380897693616,2.45848301830645,0.408068728861401,0.989571552216884,3.29977510480325,0.0550400839596093,0.0039666665392642,2.83772395364841,0.59409998009882,0.190547156500194,0.301327053041332,0.180878887824159,0.0202014051833559,0.0040314360547549,2.30029201787368,0.0890594035517496,0.373475355855997,5.05914849758428,0.807185730573857,1.19885345980022,3.90000597386669,0.178897239846619,0.494309142630082,0.0024583981084838,0.415382305938497,0.231272351379831,0.381531525429563,0.0808072347461036,0.0365509934669843,3.94540098374751,0.362191330269588,0.608945635120775,0.664086642657378,4.10326605469402,0.491695568618925,2.9463169261587,0.960652701211267,0.5483012459021,5.73737373663502,0.139768865181681,0.298844623416605,0.464196821638661,0.0571298876796638,2.01903430121927,0.529257878122086,1.00678026932419,0.682876140453306,1.26884896233838,2.09607898072955,0.0077130949618423,0.0036059393275333,3.16164536053431,0.990454186392148,0.153288027668925,0.200972085596566,0.276838927259135,3.7390018086087,4.48261685844513,2.06967603721413,0.714687278087192,0.0,0.216961544145913,0.422903447150841,1.41221680177921,0.483003188559191,0.0101352223233188,0.0,3.17811124461887,2.21669770307471,1.03628046633206,0.393685524145238,0.253123344244419,0.0,0.361001137867259,2.47113309493949,2.70765043711389,0.45978351242177,1.59104098107519,1.43235510679165,0.0,2.11305963973686,-9.62046489941408e-07,0.749712291634468,0.0202007154498964,0.101007887133287,1.34366585237607,1.54303485333618,0.0046582583414253,1.33457205059258,1.53995392617098,0.372442297799906,0.0,1.41604655273203,0.933216369141762,0.389628185260924,2.58171211426644,1.11842913402173,0.213139746547273,0.243133836021289,0.178865921082416,0.278848587756599,2.37398649445672,5.04109274189067,0.0439018796235756,0.0,0.746756585722887,0.0045575030746904,5.87645339943759,0.739574356380821,0.208992722735364,4.0259067101759,0.161614677207317,0.962200481981794,0.592960442653649,0.441986433930606,2.30418829264356,5.63153134795265,1.0104309524402,0.616654852522591,0.104911174929873,3.67960676929316,0.234618030154478,2.19043570015896,1.41230311784513,0.271715818677956,0.518906618750178,1.05478054386218,0.14073298622805,2.71983362079012,0.63012452400831,3.95500636931118,2.00540104834154,0.260408811865641,2.17099319819709,0.698612450907656,1.0711718671947,0.326705877775169,0.0029624868480397,1.26245164744422,0.131507764209233,2.2996231955482,0.0,0.229049427716286,0.377409997974413,3.20888153419031,0.796015072391195,1.08821908546818,4.25153727672515,0.409090427419012,4.74290076359761,0.847741550965072,0.746691916309848,1.70411501811416,1.34335284693679,5.77627304946195,0.0427055551847125,0.0,5.79797963689378,1.73020745656551,0.24939424992159,0.78225607540585,0.0,4.28182706057466,1.87479580423292,2.20240681751352,0.0,1.68365555712748,4.34367277768121,0.0,0.0,5.57766737264458,5.22709761436352,1.11081738973402,0.0034863770447519,0.157339717485086,1.09643211330023,0.196669799658601,0.0,0.763692326157097,0.0,0.408202539987516,0.0339879231644338,0.0246615022069407,0.402309830932915,0.0049888558373613
0.124475194362709,1.34047671308446,0.888348042444152,3.53787569249365,0.123747402176039,0.482229373053045,0.0995805813710287,0.166414183578118,2.7229307760529,2.57246058392668,2.54054365042482,2.78976068673914,1.58440065195021,0.307191615034738,0.661673930906556,1.35402167468239,1.64027916570237,5.50207410607307,0.377810985454368,0.569313650227587,0.500038582957352,1.77199156851228,5.65145177293458,0.51329786399811,0.466107667758634,0.782053397586568,0.73820509677064,0.0688593090580159,0.0140254884183928,0.655019955138238,1.30760388671659,2.7915072664443,1.34185872570831,0.869285319029645,0.0589652609687961,0.120771449861621,3.44780010018541,2.14698954795182,0.0393456248277319,5.61383890915153,0.0344460479213693,0.870234424278949,4.49164806752434,1.10019900748729,2.11320291345232,2.80373739134841,1.19490927890972,0.0161145932037439,0.961782789685216,0.913005552517639,0.914066769808983,0.632958982167727,0.34374100722368,0.130644259698518,0.0140935272302361,2.22454894666917,0.0435628665129951,3.07073679771164,4.92469873796942,1.22594435201645,1.05813702148187,3.96572260332961,0.56491711979737,0.580385309137327,0.0,0.826243879849102,0.85712416930768,0.826923099998546,0.0248945202430057,0.613730364949091,3.65512369708981,0.318656342147096,1.25528278894548,2.02084608227279,4.5461772428111,1.06566290703636,5.40679316678336,0.117744299767464,0.932143291266662,4.77763164660411,2.47661679218614,0.833604603132928,0.440047381212918,0.0754271021518304,2.10672885354506,1.69336737536227,0.54648539985399,1.85964509996767,1.83475534370465,2.52186338356153,0.0150890887023385,0.0266031135929517,3.48494256596961,1.54471993090946,0.210303033993526,0.204097867471779,0.983063060088095,1.55139479211924,4.63359743430966,2.21146670873741,1.48655392552164,0.0052583990737395,0.268808810396098,0.664631047379553,2.28304118067676,0.811333446837375,0.0264245885933059,0.0,4.63866833168592,2.05842935931584,1.29589825107113,0.437702610491279,0.155175142041404,0.037028372803807,0.213742781801139,2.14892439156725,1.37771856897622,1.75831870405442,1.22949898834998,1.41965881854304,0.156986496462354,3.38043521620381,0.0811019421702696,1.08252533890188,0.409615099785292,0.636325311461056,1.9991676381285,1.47208906923074,0.0083215000625428,0.743215274521947,0.739673190589595,0.218513990707741,0.0143830973686112,2.63273002694785,1.48716974662442,0.461019609708057,2.00602429785286,1.66980379603725,0.177797528122539,3.88622462825384,0.426129185576255,0.0663426238290812,1.61778164459577,3.05787820176044,0.107165082627914,0.0117947898361822,3.51425907005395,0.0092566666867618,5.6426013329916,0.779300738180312,2.66690106778831,4.76300409040963,0.19343176197906,0.857535148192975,1.25030799907133,0.166714014546134,3.66394263108464,4.1249246290617,2.06755682280461,1.32576817081884,0.334487250587688,4.73239053466319,0.141273629805078,3.69953310248261,1.21335042876938,0.189941802836038,0.864608272662935,3.27436737031275,0.0389811836152695,3.56656858492101,1.02357825978138,1.17466788389585,1.93710160488959,0.311854990595975,2.21295334085852,0.411930833901182,0.990592341720062,0.450257557184628,0.0056622452770097,0.790242399077379,0.0421158574735518,2.60558869544655,0.0167886148413916,0.408377228044054,0.665607294365951,4.69959415912847,0.553967197646381,1.79527868594132,4.18816051515126,4.06406811134903,4.44926406484141,0.986392751688352,0.945773272459918,2.52148158001287,1.07199768984317,5.92531086583656,0.0439212187573204,0.0519551342279237,5.00386103271988,2.69448975758425,0.741641969250216,0.656530758065609,0.0143394082643963,5.23591330787438,2.88322399349719,5.80082961974807,0.0607658796076482,4.60990070552595,4.82397905504882,0.0289793771377068,0.0225117729187274,5.63534235130171,4.74946662103892,3.12620535336086,0.0241371226892327,0.693047602732173,0.901932507055516,0.197189628589589,0.0547848621688096,1.23396066903762,0.0059079341218931,0.470913926416109,0.242970603528185,0.0055961835551248,4.50192530969533,0.0981609913322709
0.980952568147361,1.6895142881407,0.25291715950466,4.7656742769355,0.151117239334667,0.657495758899482,0.049158149083949,0.382590394282962,3.34226538230966,0.0437528932213712,1.88182814827588,2.78473496585515,3.30011190005094,0.417108519247949,0.692643512592189,1.23872388029814,0.264609761520495,5.46990546334468,0.474436656479893,0.633013398307489,0.473069869559712,1.45692917420231,5.53915703019139,0.708979452959446,0.865196432932549,0.691342586913196,0.85569969257192,0.0573602046226829,0.0134488314736156,0.0924946833418385,1.23111739891942,0.363904798106434,3.10404676447864,0.48693588721721,0.0046511996880954,0.0703518483405281,3.87927124118224,0.906495238207652,0.003084414736467,5.66713637295798,0.0057524257065408,1.27716158830057,4.30609297307611,0.872670304764149,1.12252873949371,2.83492380519206,1.82635879905661,0.0,2.89317955874753,1.60136208621809,0.417084476503016,0.332346896028651,0.185882335511738,0.180822749847305,0.0,3.17903359212433,0.145116783894514,5.30104631709962,5.49667680319097,0.901321045737419,0.987980183185072,3.66005235242764,0.951922713233239,0.647540958294884,0.0028139784509751,0.687914354851603,0.638392168499339,1.00810421900074,0.194659932212317,0.220859112817477,3.81737340423355,0.25620817937389,1.13881504706254,3.19017204128089,5.00975212190689,0.51825030286294,4.63074315880538,0.661771648222457,0.979211775250833,4.90270995899641,1.51392383588642,4.37651600873761,0.319456236867213,0.120081542135206,2.84760610041557,2.53374199628282,1.42100382585249,1.55562990649091,1.65973428502284,4.22272758170334,0.0507319149952218,0.0,3.77933392571633,1.04215317670512,0.521747132858501,0.36959789290104,0.99091907395672,1.45383059689312,5.30123719434102,1.95624939864897,1.38545834285148,0.0,0.262174068646945,2.53337608856772,1.91502744860984,0.66058084214007,0.0179667299562707,0.0294703926647052,4.73281064756088,2.74002799650772,1.17484705620848,0.419002097966241,0.145422648000526,0.0038824936924547,0.186929621435006,3.34153488431053,2.38460498464666,0.827760475787775,0.487621710514019,2.35033683858378,0.0254564501824598,2.29562460898265,0.178598728588622,0.748918802781502,0.143032158254244,0.453590796487381,1.89190945577522,1.04409466186522,0.006042615567897,0.760235411722208,1.19424696089264,0.53927551475931,0.0,1.96925402447488,1.04703602753299,0.451253364263239,1.94403432754896,1.3834528723807,0.721676043466299,1.17493774314167,0.330151340189152,0.220002672633108,4.4486915454907,5.83046860136503,0.0289702139858872,0.0,1.04444108588486,0.0027409703037755,5.89462259441543,0.7521880398364,2.45868606935195,5.07329355184512,0.132385553572831,0.881876263442784,0.901591260730091,0.512230800163224,3.37444420678087,5.60962220849255,2.5410972412548,1.12361449825437,0.80107119715896,4.37961853870346,0.478764831819991,4.00387896823868,1.30862194323653,0.267047929794435,0.737213997289658,2.0196318802321,0.155502881772657,2.58390055714069,0.859259149524756,4.39861916703953,1.65505056787277,0.957996058818963,1.89530514960054,1.09934603248114,0.818463077306615,0.575056833195493,0.0032304977108453,1.70932219439354,0.18691488351837,2.59913225575104,0.0082088502934139,0.981759489694331,0.443851630693918,3.93079558564954,0.982513847886001,1.74746727804721,4.83571754142791,1.79116343551117,5.70258892762475,0.773874806271326,0.880886105531373,2.87433541403836,1.09218222805307,5.69874947955275,0.0801435885423828,0.0049889165574636,5.98967297762471,2.27720781530283,0.232292369241504,0.837786443844523,0.0,4.81069661187216,2.85869617563552,4.91370696350178,0.0656963902065384,4.05812574733066,4.31793027762831,0.0499802555037944,0.0014385837889325,5.85376250007406,5.20252627506142,3.87802769276136,0.0361435980296211,0.450573726150453,2.49725913984593,0.162058513764061,0.0019693394121333,1.15328510711274,0.0081123084544211,0.339503195915497,0.766123842117148,0.0084444502267867,1.46301327094615,0.0499844279698229
0.282765797527105,0.826521874159549,0.265274892477826,0.443434215102153,0.0505609706461697,0.097583225865893,0.0674143423886907,0.0674147631240378,1.04844688768425,0.179866821646554,1.14455786721805,1.10310944848843,0.113177111791744,0.0993714794236234,0.650336454937781,1.16461429136144,0.223782607335629,1.69842248811422,0.0971802019818225,0.277613245379399,0.336926803807585,0.924351561071495,4.79894534046623,0.2346282793055,0.316746181873875,0.369033864515712,0.126738349724614,0.0044061993367877,0.0099820298148154,0.0782816138287782,0.77870072467951,0.033706167078211,0.502622126823801,0.289538069826977,0.0043680090847933,0.0923083548577283,0.402165426122747,0.465074459027226,0.0,4.70224509536392,0.0,0.0924922899235417,1.04451039575148,0.278168679940962,0.570191701278533,2.24582034172987,-1.5607724652313e-06,0.0,0.776885280321731,0.486084146546375,0.0714985661930892,0.274877473893706,0.117976257084644,0.0125326155716466,0.0,0.76965418327656,0.0345017026757628,0.214587146710661,1.9308789114546,0.479175063757976,0.497500931153852,2.38449867884494,0.0337065835458825,0.313893553059533,0.0039076830081971,0.207248622127308,0.0939043003450715,0.268916820820363,0.0168533091371803,0.0168531151994603,2.26440537195789,0.031334315055534,0.390562123986707,0.617447248944811,1.50788871112238,0.310294499602019,2.01367455178121,0.253864209577953,0.477020837321664,4.55776151956479,0.0097030390253017,0.0954306658390058,0.197794953432679,0.0376840584190769,1.37394539349139,0.0561719646805595,0.651110503828491,0.162236614368404,0.743186971255421,0.274048706337921,0.0046357366101753,0.0106935136158916,1.76020276569023,0.700518967515444,0.181067357125302,0.0979552911219915,0.0753870940353843,0.815224702983558,2.05228179716684,2.11817285210412,0.346880627099233,0.0,0.163700901471316,0.0505601760960348,1.15775963601355,0.161367905776841,0.0,0.0,2.32042440997286,1.38418086203355,1.26446685841568,0.151209933126354,0.0168528747858121,0.0,0.162214326228553,1.22550399466606,0.930379157750212,0.272197273225631,0.523658926049425,0.443872649163057,0.0,1.35493946303301,0.0092719371025231,0.52968905912079,0.079902793761682,0.198170353659952,0.979026400815459,0.892866415301074,0.0157269111182346,0.630589974712394,0.936654023854224,0.0295927346436182,0.0,1.37099987080108,0.657815066309136,0.229445711379823,0.987412507208432,0.900988470250533,0.0337065704986482,0.0337060016841333,0.235953683302462,0.194361808235456,1.31835225713379,1.14799395591241,0.016962189386681,0.0,0.420204961022421,0.0,4.78651567682784,0.184063730120747,0.0594252750521093,1.4626656744253,0.0967870669369959,0.460274981373916,0.104193901856223,0.113325592444064,0.870774134406908,2.75347227571405,0.717707247756761,0.519136085537132,0.0337071452943552,1.54449600906856,0.155468646880143,1.3263045395235,1.05328187545809,0.217740052447941,0.537992113850881,0.514795335798736,0.0110810370474481,2.23092152803001,0.0842679651248256,0.900056760580574,1.28332546818095,0.117807630651791,1.12516001922239,0.317681705768838,0.567415163975591,0.458820389825465,0.0060833452582888,0.192522097376683,0.02494490516654,1.1059689141657,0.0,0.0337065651545633,0.0774167648206101,2.1351207985286,0.489108848813825,0.557007338762817,2.30876938228418,0.0663753158603405,1.93549522456874,0.630497639515253,0.58367130982069,1.06555527130193,0.48553661757701,2.63235789095119,0.0057703361542603,0.0,2.38409057454071,1.32562426437134,0.0337062108780109,0.390362193420599,0.0,3.47391228083586,1.40094402233943,0.359572871076744,0.0,1.08379281444652,3.25440954347158,0.0,0.0,4.35460515862398,3.71322022992297,0.270541481827866,0.0087103084697101,0.0595127412764442,0.0615344546923652,0.129719295813422,0.0,0.371055538885622,0.0,0.200260061993839,0.0168531006066085,0.0076797353598533,0.249905414152577,0.0
0.299451470520489,0.704672723233292,0.218413203567406,0.435653966477303,0.0794970973817705,0.0755366920127032,0.0717646256818255,0.065066769729347,1.28559840870524,0.367107676953438,1.44084620260683,1.10342086649734,0.0830068979226659,0.169182367771647,0.688568339273682,1.04885919355507,0.228738701566286,1.62709162835681,0.0983114483658372,0.329280255297964,0.345969781390804,0.988678960992016,5.17602731035936,0.32927835890777,0.188553649183761,0.335701073597709,0.526808631250022,0.0011375036440586,0.0016985660437128,0.106597864374846,0.732606166827142,0.0423506045315234,0.869503293002674,0.412229794160868,0.0052643791763562,0.0999463596242628,0.643153978957383,0.406621567223361,0.0,5.00772734867647,0.0025958971624139,0.0921072354521956,0.818069412789211,0.184757782231979,0.738452102778466,2.52594649880479,0.0351496558772824,0.0046866821755428,0.962588784510891,0.791376993600124,0.152170881909059,0.371899526199136,0.194268643798981,0.0183245427883478,0.0011434676120032,0.77339788788501,0.0208630053456026,0.347172188028324,1.41206329397541,0.804894069804027,0.733792348171183,2.93771357693547,0.0208327996887098,0.370976394488131,0.0014659729662311,0.262662591397232,0.130856033718624,0.370990701185159,0.0144741449787209,0.0320304858212443,2.37109996394481,0.14129465872922,0.442974485982617,0.993370403958747,1.49160991098156,0.26440561040749,2.36060399709194,0.201690102483539,0.58678390627256,4.63414539520845,0.139285439745617,0.112390600374599,0.190729547255593,0.0160247578199889,1.40237003420046,0.0702619970465592,0.776037499842077,0.226872870559936,0.854357011952679,0.357396936912457,0.0017367503482649,0.0014900912201875,2.55299661341272,1.25982317096004,0.0856675689333247,0.090203597933516,0.104924181129196,0.760376275488337,1.72215900003283,2.39194953696572,0.278587553264364,0.0,0.261068714678543,0.0536679846982092,1.33598964635649,0.0667041576299493,0.0,0.0,2.43251174674225,1.52475840285639,1.03877845828486,0.0826606432980055,0.135492823437676,0.0,0.130516879632723,1.18849642348036,0.604670283570668,0.369152461702489,0.336643057844514,0.541481154259574,0.0087901077013671,1.69721508518121,0.0144739907278935,0.662315295544446,0.11654856779057,0.303713354360046,1.22501243375083,0.88405805395782,0.0043700516315589,0.638709616675734,0.842917359166567,0.185649922378662,0.0,1.52780295096041,0.803129393881954,0.125213884649302,1.42784435137631,1.02550196881496,0.114142793349941,0.0692201780335128,0.204296244808086,0.163544536391535,1.99307253837787,1.16333850276087,0.0108234479838587,0.0,0.415138737757887,0.0,4.86769334631173,0.179741165664107,0.180109018479373,1.05720065987873,0.172848021860318,0.588479897587844,0.0552779989475822,0.042946970623765,1.01493987635745,2.75384420083008,0.862058991563605,0.621016655526382,0.0144739571914659,1.75150452997246,0.0887951541802571,1.49484808334993,1.12278680270784,0.172812050110318,0.471340108985388,0.319207156723777,0.0190018955180448,2.39328274255135,0.250886448827125,1.0071493407005,1.42368562523327,0.081017977063329,1.32719564905452,0.439504903684096,0.668728398458837,0.247147226066738,0.0014201463622097,0.155820005808585,0.0059874389403371,1.31420507897573,0.0,0.13074365183391,0.182966391992407,2.17103781978449,0.519330209085697,0.791460015262765,2.11986468635722,0.153146995481291,2.14814037816428,0.486679309539087,0.862278895453468,1.06870428276606,0.77783307431442,2.19570824263496,0.0129303154313328,0.0,2.29540530475304,1.93420180964273,0.185337968283161,0.537487960887816,0.0,4.24509572874547,1.73674716082263,0.479869215522637,0.0013029144048159,1.32880710700474,3.8595227906293,0.0010844201456623,0.0038117184325791,3.78999365326012,4.14309913091464,0.120231113197363,0.0086153703945981,0.100314975792031,0.127191348234435,0.167981879234761,0.0012378248074198,0.782757957621924,0.0,0.231639551908506,0.0092554361519723,0.0034734813718603,0.345007566415589,0.0015659805019099
0.251302542998599,0.733996757726883,0.20306956571754,0.716876858781367,0.0565021866131318,0.22122750393077,0.0891055771805711,0.0556846284537933,1.33076017677618,0.0891024976638108,1.2343179292073,1.0093012727096,0.0689230937608457,0.148511143576296,0.662569961408804,0.99077687867639,0.190407989142665,1.88246016834992,0.290787164918545,0.307629377435891,0.311174332763266,0.716473321218826,5.03084137165018,0.483738238937454,0.353310990286595,0.501301935724407,0.316589621268168,0.0,0.0026398260456812,0.0594040071973686,0.767343290395863,0.0855907503306919,0.729077276621343,0.220105006980592,0.0035861327983377,0.138826896887716,0.563693358053982,0.546950448362032,0.0,4.96038811027922,0.0,0.102990805588138,1.44934321244897,0.435537601918158,0.464389300753172,2.55325296271319,0.0577344392590261,0.0057227910283277,1.3183049582264,0.571532178363137,0.0296999794741952,0.178213871849607,0.190143658319308,0.026561982448391,0.0034585351134537,1.00832160877451,0.0532998261746192,0.272537779154598,2.8225010712906,0.58816783778698,0.64216980432831,2.94774849544166,0.0516234593940992,0.364378042429914,0.0059075877518789,0.359114732203646,0.123166342648549,0.393354621105878,0.0412141337094645,0.0148497903457851,2.46213713478661,0.160752889513901,0.427054467463084,0.335558488621406,2.0671000601128,0.110157987723947,2.15231099301103,0.411196891508057,0.406613514635254,5.07920560153615,0.0573381271122873,0.0660742463601669,0.206548839177709,0.0220589872193227,1.2829487523897,0.0547912324513751,0.504396896181603,0.302951396595795,0.777223835640473,0.382536199870786,0.0,0.0,1.97206891361386,0.718125029011652,0.112612693698397,0.087479658386666,0.0445519542269468,1.30579509203519,2.81280774266687,2.15887466904159,0.397205015859936,0.0,0.142442174351864,0.0368243402947531,0.862834189506102,0.233296471729751,0.0098502607115835,0.0055427790587544,2.26781385058906,1.44698218700376,1.03530565637545,0.123699887602592,0.103957924002232,0.0,0.330120554960367,1.29827366465767,1.35546594627432,0.429248481299078,0.861315088930529,0.806249607056963,0.0097914826082737,1.70992557126797,0.0148499231380198,0.652568056010427,0.0587679827449775,0.148511226099126,1.3626145658691,1.07045936118811,0.0081062690467619,0.962473372151264,0.819158500504352,0.0571974763984121,0.0,0.97292186378026,0.744986147712455,0.19290361742048,1.56661414204618,0.926759300662912,0.114812714431167,0.0296989455169079,0.141411722711777,0.278395049928785,1.22402315264447,2.27112640302025,0.0251454244441879,0.0,0.359273289197784,0.0,4.87098864231656,0.243029309104906,0.141770200972283,1.69368627975867,0.109081893459869,0.719617230419328,0.125249274276197,0.276265835956309,0.759125431721779,4.04565359480468,0.468847478367721,0.40640713893334,0.0133213990545959,2.09453863770732,0.102970969721689,1.22554289380869,0.921790352521965,0.149054936056347,0.589429780705884,0.454176429742894,0.0713962133455392,2.20136536428992,0.148170143363707,1.7320640499534,1.49140897560307,0.0445514285884476,1.1500542807241,0.451301483321335,1.07432760269355,0.236484446945094,0.0041232163992705,0.221899514908311,0.0531050439855464,1.4998234978344,0.0087748123899861,0.155483915876556,0.279098327704965,2.44848714747831,0.507986698850713,0.515976262638964,2.50186814897202,0.072945151761762,2.61151545114037,0.444624252390184,0.579201447957146,1.03112921526658,0.604393062280971,4.15959993261938,0.0084866569852747,0.0,3.47307192063768,1.10494462555404,0.0728772217289814,0.450369855833636,0.0,3.83867233166661,1.3576739417862,0.747931838291822,0.0,0.820013232578529,3.28899297478229,0.0044870875143758,0.0055936115493988,4.37750737637508,3.93423167535394,0.424958194922088,0.0145720032318772,0.10395804151739,0.233346462310875,0.116386655410063,0.0070601374020797,0.447207076180535,0.0,0.336991290930449,-1.70924491962723e-06,0.0032855494577673,0.22953680379791,0.0124572751865412
0.701162432708344,0.287172822436436,0.147819884888174,0.514815174213624,0.0782382197825818,-1.33026341855149e-06,0.0397267630791633,0.187084495414577,1.0660683620499,1.52602808640357,0.865934367956225,1.31607227275468,0.0845839613791009,0.329404590118076,0.709384272498218,1.23888005721865,0.119034984311962,2.05443796289539,0.06674242557572,0.221262066008154,0.18433024061023,1.05406196299094,4.59902004849546,0.12867229555405,0.152813008092705,0.284028286343638,0.186346727216865,0.0152158421654206,0.0078750775140962,0.192195923147141,0.408570841823653,0.0904799647981767,0.762647893009027,0.384271818495825,0.0027716400231472,0.0621422346219213,0.406195635778988,0.471132110408545,0.0,5.14222221404831,0.0,0.784062902366212,0.565161084853858,0.205834916177253,0.223234890047844,1.23058131573606,0.5966444538606,0.0041351150763308,0.193255546077435,1.09118484488141,0.330642626575384,0.318701882205993,0.16174646047148,0.0181347329978901,0.0,0.322600637567989,0.0401816620248285,0.403831437521439,1.61448339677238,0.611549111542682,0.457362650698,2.25988687048783,0.0077305447471487,0.344524506972199,0.0,0.283224524623608,0.254118645134697,0.518507369141388,-8.20789808221927e-07,0.0117636280552243,0.619308440862403,0.114448731234782,0.13906640958408,0.750111950455782,1.02704793566111,0.412354971951059,0.846011937634528,0.0695380413523679,0.50254631201189,5.26911497813247,0.0187224803267312,0.235250985410754,0.197044903509402,0.0050659796619249,0.228355821693506,0.0509216965332129,0.726045229447034,0.80421350726909,0.388248823562481,0.140058800703901,0.0030570222104307,0.0050351475414635,2.49816597489284,0.98004994376221,0.141126290644228,0.129410247844419,0.106704196363551,0.212724389233536,0.728047474649884,2.33108622640139,0.155253450023742,0.0,0.248811831916197,0.0235272873950708,1.07070059207047,0.339023270940641,0.0,0.0,2.39805209472441,0.685454152296125,0.841133041387088,0.0393424797724369,0.0086317473116722,0.0,0.105880997577489,1.13838629837851,0.271800096881257,0.10402877028674,0.255241247939637,0.174724766011519,0.0140705992936294,1.38530178964419,0.0106863195800626,0.671850988497469,0.232809384914103,0.148135484989254,0.948439097784329,1.02538225446792,0.0,0.644985977554523,0.204433155729272,0.292062351355448,0.0,1.29323760261995,0.540167297571167,0.111498989194135,1.7130460170188,1.15428393708693,0.135575129797018,0.0628463956194661,0.0244601213374882,0.11523535651587,2.78594693332356,0.778035612856081,0.0079682626996023,0.0,0.616097801393092,0.0,5.36102684478057,0.126726558548752,0.132374843661964,0.376452810505381,0.0628013108420113,0.703664278718349,0.0654477171187717,0.024117619320135,1.38936779614674,1.19359231048992,0.234833937396912,0.76509293653433,0.0104828109140069,1.21655763957098,0.0035306658086473,0.450636488619898,1.03337850164137,0.130968042873187,0.626355418809881,0.309234248904772,-7.73454944160644e-07,2.38273603592084,0.139547172365602,0.839060347862028,1.26002011823012,0.0385063020547095,1.05014422443249,0.0990015543514277,0.891316005822656,0.264210966331962,0.0,0.154376308756561,0.0028217894673465,1.28382914200609,0.0018390392065237,0.428581470821244,0.265928499189485,1.82824417580523,0.442707186598202,0.580178877704247,1.52022683915218,0.287908972195436,0.99482069973324,0.528036175717652,0.760937166816924,0.813427723498876,0.617373544720335,2.15246643598736,0.0080357014871688,0.0031749599918317,1.90095381388462,1.76808418909424,0.327503780753251,0.376160863157718,0.0,3.35705356367138,1.29595300826639,0.265076120483626,0.002014014296887,0.748641760911749,2.04974273387212,0.0035267515263933,0.0,1.95450447204753,4.54270170926212,1.08209026680064,0.0037633799168065,0.0117632933428643,0.0217616731263592,0.0916640140264005,0.0,0.857236217543128,0.0024748890772439,0.270637528863639,0.011763582818517,0.0,0.192767206922853,0.0
0.128940701779287,0.28224058491768,0.0692290479872485,0.312129512132575,-7.9806407522121e-07,0.0230759426196658,0.023075532651083,0.0460960460564987,0.874998666266482,0.354419951753969,0.855094544089233,0.815365830407741,0.194185929195857,0.293502166799981,0.281573612810758,0.6364974612208,0.201114202263202,1.28511432538127,0.0461527690490908,0.0604942988383303,0.327996623869133,0.299997268209623,3.345804239398,0.0692292243372477,0.0692292161433221,0.428697270980176,0.252080177064382,0.0,0.0,0.0230760862738132,0.630651078460291,0.0296440429408611,0.783079037343866,0.291277135868898,0.0034714850573963,0.0461526558113096,0.499274450521956,0.260203944557648,0.0,3.74115528635514,0.0,0.0692290969983835,0.30260506251283,0.206226621633269,0.285874812389681,1.28595674418784,0.0230754117349882,0.0037108267744046,0.2011130361933,0.271114639585509,0.0461524696182699,0.230767584438578,0.156456182678138,0.023076506292265,0.0053090805237289,0.63148255131965,0.0277203893528283,0.387454678002071,0.307266575176208,0.494069610845597,0.322297238556469,1.62388573668002,0.0230757233984732,0.271320224938514,0.0071392573520131,0.274163290351416,0.0681123660441689,0.299997861798503,0.0230763256530145,0.0692299871500815,0.715381167518408,0.0230757727219845,0.176870139182041,0.776662327801318,0.427986208980286,0.124606016710708,1.2303860236231,-1.28481146343462e-06,0.427517282859116,3.53313996936948,0.316223382037952,0.129173659566763,0.0692292320095161,0.010754797996902,0.213876478517314,0.0230752307655338,0.694923787425996,0.0461519966957436,0.437444449004198,0.0988659443199681,0.0159926043606264,0.0,1.78676592283175,0.835395938571482,0.0461526212014329,0.0923065608667364,0.114811482918387,0.198427610976954,0.812330197904622,0.662320431746077,0.184613481142473,0.0,0.147813179883511,0.0461522843426433,0.893986516950605,0.0619462832479173,0.0,0.0,1.72487841920033,1.02392186148727,0.752369677822266,0.0230760256513228,-1.05089184768259e-06,0.0,0.115383560445388,0.99207055988249,0.183525964640996,0.254886089722798,0.112809054798268,0.207690003253408,0.0103764586978802,0.779414196612103,0.0822877315209833,0.342083567954136,0.0923067898321295,0.0923062123282507,0.616579364422219,0.678335882332423,0.0,0.636843125547287,0.381000257502762,0.249915726429491,0.0,0.996443878420082,0.292433789724648,0.0699810546620558,0.727921875774152,0.369212220729206,0.13237365206737,0.0230751010779409,0.046152448233131,0.131776558475738,1.64698263424887,0.442519869769255,0.0081693299057524,0.0,0.355885083228589,0.0,3.2190697736789,0.046152343112114,0.0923058336306238,0.410878448729413,0.046152783008444,0.382520369361394,0.0230757197181169,0.0382660131938961,0.922730530618268,0.962316602915119,0.553487279593532,0.511217204677317,-6.9793636199998e-07,0.994536121986131,-9.50293045703117e-07,0.83500208702062,0.850125702784118,0.198169281281686,0.217913693223123,0.164927653259635,0.0461532983953331,1.21291930638215,0.129065200730788,0.79886564763933,0.917432197031012,0.0916275551470344,1.19880961745677,0.237752692371318,0.365839850779387,0.0923059942058354,0.0,0.161536407137538,0.0074116175178572,0.797592036627016,0.0,0.11538338268049,0.211312733566308,1.11987782130522,0.207690286121284,0.369228453198092,0.84314459491295,0.184223229431468,1.3873178221704,0.365945216846901,0.835015049383815,0.506381042517159,0.230767018177151,0.946974142676809,0.0,0.0,1.3680901532734,0.87060428047906,0.272721844334623,0.226208946581555,0.0,3.18472765921247,1.28095777169107,0.231309002008245,0.0,0.870166230736018,2.10628228994431,0.0,0.0028996037703755,2.11663000936008,2.31714713111207,0.201237109448594,0.0049801324384811,0.115383567786905,0.113760862089992,0.0230758796806304,0.0,0.414153138911835,0.0,0.114591112456524,0.0423923968271716,0.0,0.403626467433273,0.0
0.209537174323695,0.32069198777845,0.117598114764015,0.168202461892085,0.0378835388296767,0.0223918747933483,0.09441125289132,0.0872952694046724,0.94442407384159,0.292720894289095,0.931676691299421,0.876863035665233,0.125577197491895,0.147856918847871,0.447407464600718,0.771806240613554,0.255386195691726,1.21243233984213,0.0507900437298964,0.160889062654185,0.291958761370326,0.359584978448666,3.64249164754006,0.117312700812908,0.21857274666654,0.347611399132194,0.253636425775131,0.0063951915857722,0.0,0.0066353786823356,0.683884485779476,0.0537950469427155,1.17245682927947,0.282891189764436,0.0053699069074499,0.042561003911288,0.634882103251589,0.170325725307987,0.0,4.11144136182321,0.0021314615622573,0.117797288580136,0.242061800731501,0.132826448046951,0.362410664231208,1.38437531120202,0.0310618185357165,0.0009439388059391,0.254734152887683,0.369292877173359,0.0906676688698553,0.314806800467167,0.164274560647158,0.0142061242850898,0.0009720508867159,0.426550944410165,0.0036920928480464,0.342648109340692,0.322067318302285,0.725761752930234,0.420737335094138,2.25403075038997,-1.79911473846868e-06,0.342345589532893,0.0,0.315660778886628,0.0751756385570429,0.517531782090326,0.0142058670238951,0.0189411918293901,0.895503095582084,0.123123772762347,0.195666973074677,0.744415261334659,0.751498373885749,0.0899735787599213,1.49135652533922,0.0552177848750749,0.348452303763359,4.48625723170066,0.215338789670815,0.103677707314585,0.0922337395223264,0.0085593124567259,0.339091568353614,0.0236753778178711,0.61292143496348,0.0170040970156399,0.448015899063431,0.13336992743524,0.0127096721450971,0.0,2.34321471795552,0.892766173921681,0.0677997096159481,0.13216846863458,0.0939929612038277,0.34678893539752,0.766924153766551,0.626899605286448,0.148359802104933,0.0,0.175214972034388,0.0314189320787271,0.775540020086454,0.0189405010209305,0.0024376736172188,0.0,2.29920409870704,1.16345152613446,0.613183518959831,0.050385400321456,-1.6542703321455e-06,0.0,0.0107296249425328,1.04642818584759,0.13883322629031,0.345845756829479,0.113006338977668,0.256976495521177,0.0233831557296644,0.829454894968284,0.0993811451625165,0.539011935274101,0.0531426073672105,0.180193271789562,0.570962486572619,0.614746733428635,0.0014184023185104,0.490846526421911,0.377703827348217,0.319578721429729,0.001631870431767,1.08406591512704,0.259392660955988,0.0455818706533323,0.868036414428668,0.598824793140333,0.313345934422357,0.0500825271468572,0.120682475072235,0.0842001166008026,2.28097150752272,0.587482230751194,0.0046000346525996,0.0,0.602804105025434,0.0,3.63309877193289,0.0593446658832031,0.108167516280793,0.279482623255935,0.104181496772563,0.561938894193065,0.0447636350617207,0.0882445053262183,0.984348610401792,1.09053306349368,0.742167152937791,0.623699472269372,-1.08268343376335e-06,1.32792572111814,0.0329103537931437,0.674309713900826,0.801118672492692,0.12737952946926,0.333765756010346,0.173055016026751,0.0094703547395161,1.31570938511864,0.136746095158198,1.02851748610397,1.02093554516154,0.0639709715245854,0.990173982091882,0.190952786581283,0.398087752583174,0.206042338066427,0.0014305635555104,0.227340168331911,0.0021721076342377,0.65453800416784,0.0038261522703243,0.113652379298034,0.165870921221155,1.04868027790183,0.385745220651616,0.499716811745535,0.699844038758524,0.0950361594843142,1.76826687846663,0.402640350541323,0.68006568620976,0.532980786487108,0.544842296168402,0.61139557788511,0.0040358504860333,0.0018340777579161,1.26545961610035,1.29571005399196,0.383357754906822,0.291483785392154,0.0,3.803847271117,1.14626841068491,0.186869906295061,0.0028814871598615,0.849976797064683,2.46445880888976,0.0028431672414719,0.0090477830572963,2.21353985385098,2.46670846622167,0.252555201112939,0.0044860442855944,0.10273773584342,0.0236707564220245,0.0615611517049249,0.0,0.58818857532619,0.0,0.244684962662152,0.017979414209587,0.0,0.34858514907937,0.0023879413791784
0.188908506028294,0.301715519403766,0.177888652074117,0.142643893305591,0.0451115024365451,0.0077915755358588,0.0701829425697194,0.0360886643179624,0.969276068139342,0.170865124959756,0.981543348942405,0.918221120366058,0.054131525650608,0.160060385430946,0.450456223120449,0.804320031886323,0.168771921519616,1.18208501977181,0.0259344682161465,0.180448363428562,0.287639310764064,0.573670986792378,3.95525498720613,0.097943019191388,0.184073161270551,0.2652023497505,0.207515922080743,0.0,0.0,0.0157510451662988,0.463637917858244,0.0120252294801333,0.542707797253441,0.203356254153319,0.0095577573091998,0.0460397576283448,0.58461927223355,0.319180533197708,0.0,4.31644570802854,0.0,0.125956298278094,0.445681055291133,0.123912467797526,0.363279009492253,1.94670790210651,0.0694294440692209,0.0017436677118122,0.34963306674901,0.46922616373471,0.0987104188730177,0.277625598644689,0.134127878951299,-7.00631575955509e-07,0.0,0.534284320012364,0.0158332443507183,0.229640684248443,0.852654431300948,0.403094090329622,0.495110414468751,2.07047405589373,0.033644141320382,0.347642685448231,0.0017263515059002,0.229955795605701,0.0502121055097312,0.419058210528786,-9.60179941787525e-07,0.0180438579644303,1.42392257036935,0.0578640187972138,0.287240316156391,0.721134156770751,0.794561206560815,0.144358073074575,1.7212940244511,0.140239608955412,0.483597161559427,4.48872603319288,0.0631550892949286,0.0352027474491171,0.126313329210217,0.0056057406438515,0.664954052777552,0.0351176388986312,0.727678849621317,0.134960913520757,0.572856468498434,0.15025985433667,0.0018073361574866,0.0,1.83177541468374,0.734222323345222,0.090223598904482,0.108268748701465,0.0611087594523724,0.442127246542725,0.999545008601602,1.09473059474845,0.211787131138703,0.0,0.0902234399907015,0.0141460858992855,0.967193076305935,0.0360882802408176,0.0014911783839044,0.0,2.11545776908232,1.05828061311794,0.818873315265155,0.0436277306531202,0.0180433594114236,0.0,0.0631561993427477,0.764439802772185,0.259834110173322,0.329625987404236,0.210787946604459,0.276424943134011,0.007794317295782,0.898169034197994,0.045111672358585,0.463773086426985,0.0541338254465519,0.203961943761007,0.784060438589801,0.497992107483835,0.0,0.699610605087805,0.717158024974851,0.162285609660351,0.0,0.866980026786113,0.380468828689057,0.126313839320391,0.613681610458097,0.595680684535221,0.0989176851728812,0.030651539028011,0.108268398197622,0.0721784991947424,1.63603616406464,0.543502452983532,0.023755211748121,0.0,0.437697276521134,0.0,4.02282833526858,0.0992457564937796,0.0560927857465179,0.423167967356561,0.108268937847341,0.544127910231368,0.0445265647414807,0.0801824247509235,0.563280239044033,1.77207950754647,0.690467019631532,0.406308211499672,-1.13503340812609e-06,1.32566696053449,0.0631563489885929,0.777484893606803,0.680072521140125,0.0653664789354754,0.360545669554643,0.197560282339126,0.0180442454498108,1.48287143484183,0.201465049981574,0.566346555015145,1.06983689217144,0.105039971586248,0.871345470551677,0.409251689034414,0.484790094017433,0.186148747498573,0.0,0.185950174948157,0.0065543175311004,0.907772166859377,0.0054344338119745,0.107100988507706,0.147699819105067,1.56549073250425,0.220838411309037,0.501358586857605,1.19827695220397,0.113522578233749,1.59178509115348,0.412493221945941,0.429679909189269,0.575459968037485,0.418520689228784,1.08435827487647,0.0035511400043038,0.0033578287148918,1.67360223401948,1.11218077557948,0.133215263720254,0.331885831595609,0.0,3.58422917497487,1.18677080001846,0.184971056284177,0.0023633409993902,0.781110867922172,2.60190717647396,0.0,0.0058921868715018,2.79282220770705,2.93997691388981,0.156303034063599,0.0047040172812406,0.0721787618104794,0.0602224140930039,0.0802874381853125,0.0,0.452204887681438,0.0,0.245656372380376,0.0158566960968559,0.0,0.238745909854858,0.0
0.142896306545753,0.411297627858466,0.132349744984967,0.213827310240633,0.0252804715762411,0.0671272612074882,0.0735267440028526,0.0735275789851753,0.987010786972456,0.261212075845641,1.12943249724548,0.836931469194788,0.0547976571829478,0.200561436178441,0.602005964595983,0.92792060255446,0.131723654548347,1.59170825776634,0.0147038111156551,0.239123076595638,0.253087655910083,0.701825316164249,4.2472145848966,0.264703132449087,0.190824424362453,0.300485802357642,0.241069981965073,0.0,0.0,0.0422016807438069,0.714648706329291,0.0754168689959337,0.821476026856504,0.3232724926831,0.0025035783421503,0.0294094870298507,0.629508972982565,0.312910349529937,0.0,4.56529544892082,0.0,0.122446274252775,0.419645033866286,0.0942154159876039,0.585276533085421,1.63316729288312,0.0294088764398063,0.0,0.418316196914255,0.580466311931061,0.0698711004251299,0.408684298933512,0.135753391720138,0.0294109296758608,0.0,0.589018039072025,0.0201446122275435,0.283725659030353,0.830876024218234,0.688618246091748,0.513149419593875,2.2097427544942,0.0294094478186702,0.335020434429878,0.0033092472198121,0.17416885519955,0.0441154137341686,0.424774826361621,-1.15002880311544e-06,0.0882338184497407,1.50724695824715,0.112778045363318,0.338727869423136,0.807869635192992,0.783157178568605,0.169446162357304,1.92870561166466,0.0717700294776447,0.446202684019093,4.337593562815,0.0735262143347875,0.113476767248449,0.107779226723001,0.0263962500327309,0.8823821521499,0.0131375018166327,0.919419742569117,0.153557024633836,0.46292962699052,0.106320105429327,0.0124625982106138,0.0066828755913578,2.20705357315748,0.731246439991682,0.101249767556407,0.0869531319899763,0.0412900572023233,0.402530242590984,1.10756160236273,1.18910744203375,0.161761009173882,0.0,0.110305307831444,0.0294087802694572,0.944886892978182,0.0441152962239573,0.0068548337197425,0.0,2.38927177964847,1.33701021806079,0.860850717706559,0.0588217465831141,-2.01757686740891e-06,0.0,0.0588215433201969,0.772052357111967,0.225053760395711,0.364195842261658,0.310676972899878,0.326020585223523,0.0051883201431964,1.18540331627547,0.044116347274534,0.67556113819775,0.0441158943143145,0.16767702093197,0.829113234382404,0.455879383618751,0.0039388040302562,0.649606954896746,0.713115481133948,0.184647558756811,0.0,1.29206721472254,0.432828329135921,0.0731245520043838,0.689882206633839,0.842304902891557,0.170746118304523,0.0441141879510819,0.0882326358121903,0.0870100097521749,2.05813594972485,0.708716688878787,0.0095059659940541,0.0,0.377233852959926,0.0,4.31907420267117,0.0681860609824697,0.0836909094984812,0.365995900377926,0.102939134001951,0.524458749202867,0.105010043236282,0.0285460526906428,0.98995461037713,1.81606317444008,0.794530289107957,0.526508192483392,-1.34194453849794e-06,1.53374604073373,0.0565226674003452,0.743087526710318,0.912849698084397,0.115164646070439,0.288883479354486,0.335237364147003,0.0409326709205836,1.74331916389205,0.257837687172505,0.803093190778409,1.16255058843891,0.0781427375848125,0.897436576622267,0.273195434589239,0.499541859412687,0.203259077202905,0.0035187365389439,0.156101267380939,0.0056286426862077,0.999850235966669,0.0,0.0575893941760499,0.198009884102294,1.6178999451427,0.478687634183661,0.59312473611418,1.22522981388865,0.063866192126926,1.50209548112729,0.423080274109751,0.693074456576051,0.74806319047425,0.506825120029227,1.09025685041897,0.0045936013970239,0.0,1.73265982974565,1.69069493962281,0.205879322068151,0.375414772781818,0.0,3.87727907646923,1.33653474960884,0.215658922283572,0.0,1.14214323554666,2.94079098890157,0.0,0.0,2.79114081964757,3.25645566546206,0.165960244256364,0.0,0.117156434045345,0.0852649328057306,0.102939169497185,0.0,0.503240602555014,0.0,0.155666661463597,0.0395939927068723,0.0,0.295775389245238,0.0
0.313143863986261,0.457967527786025,0.233737983197229,0.313517567868231,0.0730915853662913,0.0146320221238723,0.0585333976598258,0.0731685902910008,1.1392662807259,0.562200825613458,1.18531215515554,1.26496503392696,0.0739694724910042,0.287677488860224,0.559394209201196,0.90516426679524,0.0961844506194576,1.66424331158102,0.0146317953553553,0.304473583830254,0.277004943263941,0.510930188056091,4.20133673873466,0.0972371334420158,0.23283550945167,0.491881228489957,0.243758410855018,0.0043802858498095,0.0,0.0834357856264738,0.750817731625994,0.0454434496118228,1.3415819836958,0.435080626020838,0.0031326004197798,0.0379723911514876,0.873377984602372,0.417546495665653,0.0,4.72158229999073,0.0,0.231956120356982,0.347013232810929,0.102742734881232,0.657226789104165,1.85875191189531,0.0419474404476621,0.0013038306936017,0.32637956420571,0.584716094737045,0.0790961461537561,0.39686265888761,0.136510669960848,0.0196300038849145,0.0,0.509655094719008,0.0115877932303041,0.52474211780274,0.525799622212614,0.772785105693191,0.539432211540232,2.25003155565063,0.0099665790859333,0.525031573250761,0.0,0.350866617323834,0.16438995971688,0.318295285220928,0.0581263520214144,0.0366490068753922,1.14787814551409,0.188207150054102,0.267911511310931,1.16182024003331,0.929651226284383,0.16881940724969,1.84184514819431,0.0146312834562781,0.731850603209816,3.70872289355296,0.334338801511691,0.131396914632313,0.103330420396544,0.0073584063382512,0.607634558169148,0.066174557734419,0.8863857298456,0.0795170470733282,0.714285967435741,0.107601213729452,0.0105467032681431,0.0034978234773597,2.93313561891451,1.478179302777,0.116810079461447,0.100578710385246,0.0773757958846795,0.534086583510582,1.1575210955371,1.21496674788368,0.238922707593784,0.0,0.235212615254619,0.024061099578291,1.12468782647588,0.0073661558580008,0.0022977983398979,0.0,2.18075157568781,1.69921224422557,0.731990114625878,0.0803597315528311,0.0292658557596984,0.0,0.0669436678087861,1.05332752547363,0.111037430025468,0.435886832405974,0.16964357756532,0.371962080195685,0.0054972814006458,1.18251501986081,0.0731691997168534,0.594358282997866,0.121569988416555,0.127341854466068,0.851251267556982,0.552801335924436,0.0,0.546776671120027,0.473220448327824,0.456161720816889,0.0,1.65901433977276,0.31031033554029,0.0438997447414196,1.01593242480758,0.676414283897901,0.272040465338967,0.0483162145586697,0.0585334361349767,0.127386064784512,2.50552810373823,0.8834145774961,0.0152548445430914,0.0,0.350931484738757,0.0,4.37096569508642,0.140420849163374,0.159701921296255,0.409505836019786,0.113262169146153,0.501531305496237,0.0132450299628569,0.0146319211772889,1.26532089081487,1.24621456689976,0.886040635011608,0.66226177963921,-1.54553128810752e-06,1.67083142549753,0.0139871796006457,1.06956272338343,0.839334264802705,0.108914694112665,0.331949636827555,0.309582574590916,0.0550441005887991,1.64181391696164,0.345694511435608,0.927896571472793,1.35549425382884,0.0386380429695783,1.42496331288467,0.291024625278924,0.543647695442431,0.238322929999005,0.0,0.195291368956681,0.0,0.895252959896103,0.0,0.186004418244713,0.173398615984078,1.45229045325201,0.452890499807736,0.52049116536923,1.09290138743988,0.111261883597863,1.64605167132964,0.361513743620206,1.02177835847762,0.689693238537628,0.55191988736928,0.710769918815279,0.0,0.010684410238415,1.45613997553028,1.86581711615729,0.251058559585821,0.258938170826752,0.0,4.23882921062682,1.36104398773687,0.166196198933398,0.0,1.51324359883387,3.22254429259884,0.0,0.0033636099390779,2.42906148625632,3.13488493630378,0.168810081100981,0.0,0.094381279693424,0.0339562297959079,0.0820701614702167,0.0022179180968567,0.814760375543989,0.0,0.2502884952218,0.0231034879319601,0.0,0.368044623472178,0.0
0.487169128700442,0.318041742286189,0.105838033062961,0.526575728564799,0.144577539267825,0.0947321755357467,0.0722879685437345,-8.91584754545518e-07,1.26754038654624,2.0369861116556,1.87818521688775,0.840361095371582,0.0237760779534349,0.208844696263,0.821831678923811,1.48431647809516,0.253010609449968,1.53814466371679,0.0361435344342258,0.496255978245038,0.15087007749738,0.615013159036184,5.13441250319687,0.283360418626137,0.249201320326658,0.542166680882426,0.139699377997129,0.0,0.0,0.108432942421124,1.10362767567926,0.0939276014941202,1.84337704099536,0.303415115699252,0.0110587930679323,-1.32816630864831e-06,0.46306057928025,0.594069566955274,0.0,4.24548490161633,0.0,0.137781553701173,0.506391023871938,0.216865922320948,0.144576142113448,2.40728038310077,0.0261533834968016,0.0,0.172135616470538,0.303017285421512,0.280641309125558,0.324574058428382,0.144367557485283,0.055202395144625,0.0,0.896396377543937,0.0222476024839738,0.237050657754256,0.781424991019698,0.946103645899624,1.13549227939822,1.71007663841732,0.0361432522630803,0.453845284308184,0.0109927941900196,0.24637404550107,0.165082698703577,0.628502657379831,0.0361439880485717,-7.75887749370812e-07,0.894325290871255,0.0361435127132035,0.357792059508393,0.755921605361758,1.8894518372836,0.964380482574412,0.914986853676064,0.0915879880695735,0.361021797732957,5.07545318359599,0.105631916320065,0.171937305614804,0.312049162743232,0.0182686493906947,0.356769110337476,0.0361428896988854,0.853251995870063,0.0718744685766933,1.78107997807491,0.0816848250139506,0.0,0.0,2.78807296859609,0.580502694169822,0.0664603562419498,0.397232978987985,0.108432682445939,0.428952322241563,1.25361537933371,4.48192704436807,0.144576658665409,0.0,0.180721682078503,0.138615178465433,1.54584650918109,0.333236164878144,0.013737443524838,0.0,3.18951304911714,1.92029609755787,1.55211265838603,0.0361436571371078,0.0300887254115674,0.0,0.144577508610121,1.3564133589121,0.209426574565448,0.274222858428148,0.201773131373086,0.303894410828337,0.0187919197624632,0.456376056785596,-6.27045495046709e-07,0.899853569359558,0.180722068337885,0.28851132116124,0.61141549017283,0.9932709139107,0.0229186654893036,1.06170621259046,0.413481750432562,0.457985746706084,0.0,1.14086912081024,0.395876886494235,0.0722880290822684,1.35604809084858,1.19008039773452,0.108432538746187,0.0722873842603999,0.107515403799093,0.359114594805029,1.23924742307822,1.00998319448648,0.0147782836762316,0.0,0.865654745609851,0.0,4.09536710920717,0.175683001377347,0.12880527596661,0.376923186357246,0.178062056865381,0.542166836453286,-1.18196638633249e-06,0.108432749042348,1.29794641871586,1.43895272002196,0.275374408205565,0.516885931759583,-6.68411240220369e-07,1.67207050590658,-8.76231919920203e-07,1.69988964120877,1.37538240296891,0.222541452068697,0.650988999588197,0.284506514056807,-5.61044047566567e-07,3.31838234518776,0.540999447752707,4.85779073964759,1.763005859185,0.0678475342015687,1.07758531816633,0.212783367147033,1.03281659019912,0.255377222738505,0.0063714299167648,0.0722872721234166,0.0071913899300405,0.882812978275128,0.0,0.0717249851897375,0.414598322367833,1.49259574488534,0.710016332946005,1.11218350701562,0.956158905675257,0.283360933099133,0.743838394491074,0.396829430138484,0.800470805102601,0.684033462697207,1.00168981815376,1.17762517651458,0.0071289875117254,0.0060046075507077,1.73738495143147,1.71726044666394,0.252714083850783,0.70561066999197,0.0,3.86911106275292,0.973135020555194,0.333365314109961,0.0,0.606084082861748,3.12752246271211,0.0,0.0,2.01050645606427,3.16760406143235,1.97089343170119,0.0157378167986903,-1.01292115679504e-06,-1.7081232775365e-06,0.179357188010073,0.0,0.62236299636164,0.0,0.450195840551983,-8.12015530292764e-07,0.0,0.246262390293461,0.0
